{
  "greet": {
    "precision": 1.0,
    "recall": 0.9230769230769231,
    "f1-score": 0.9600000000000001,
    "support": 13,
    "confused_with": {
      "goodbye": 1
    }
  },
  "bot_challenge": {
    "precision": 1.0,
    "recall": 1.0,
    "f1-score": 1.0,
    "support": 4,
    "confused_with": {}
  },
  "inform": {
    "precision": 0.0,
    "recall": 0.0,
    "f1-score": 0.0,
    "support": 4,
    "confused_with": {
      "mood_great": 2,
      "deny": 2
    }
  },
  "mood_great": {
    "precision": 0.875,
    "recall": 1.0,
    "f1-score": 0.9333333333333333,
    "support": 14,
    "confused_with": {}
  },
  "deny": {
    "precision": 0.5833333333333334,
    "recall": 1.0,
    "f1-score": 0.7368421052631579,
    "support": 7,
    "confused_with": {}
  },
  "subscribe": {
    "precision": 0.0,
    "recall": 0.0,
    "f1-score": 0.0,
    "support": 3,
    "confused_with": {
      "deny": 3
    }
  },
  "micro avg": {
    "precision": 0.8409090909090909,
    "recall": 0.8222222222222222,
    "f1-score": 0.8314606741573033,
    "support": 45
  },
  "macro avg": {
    "precision": 0.576388888888889,
    "recall": 0.6538461538461539,
    "f1-score": 0.6050292397660819,
    "support": 45
  },
  "weighted avg": {
    "precision": 0.7407407407407408,
    "recall": 0.8222222222222222,
    "f1-score": 0.7712124756335282,
    "support": 45
  }
}